{
  "telegram-bot.js": 1774912399.881553,
  "blog-post-3-distribution.txt": 1775629439.039246,
  "CLAUDE.md": 1775861373.8792603,
  "robots.txt": 1774883072.9523091,
  "content\\blog-post-1.md": 1774971511.6263614,
  "content\\tiktok-boring-goodbyes.md": 1774909432.243678,
  "content\\tiktok-leaving-home-alone.md": 1774910238.5601015,
  "downloads\\placeholder.txt": 1774883072.947426,
  "INSTALL\\README.md": 1774883072.9404933,
  "downloads\\PAXA_Free_Day1_Preview.pdf": 1774883072.9445047,
  "downloads\\PAXA_Free_Day2_Preview.pdf": 1774883072.947426,
  "favicon.png": 1774883072.947426,
  "favicon.svg": 1774883072.947426,
  "og-image.png": 1774883072.9523091,
  "images\\calm-dog-resting.jpg": 1774883072.9523091
}